,0,1,2,3,4,5,6,7,8
A,0.0,2.0,-1.5,-1.0,-1.0,-1.0,-1.0,-2.0,-1.0
C,-1.0,-1.5,-3.5,-1.0,-2.0,-2.0,-2.0,-2.0,-4.0
D,-3.0,-1.5,4.0,-4.0,-2.5,-2.5,-2.5,-3.0,2.0
E,-2.0,-1.5,3.5,-3.0,-1.5,-1.0,-1.0,-3.0,5.0
F,-1.0,-2.5,-3.0,0.0,-1.5,-1.5,-1.5,6.0,-3.0
G,-3.0,3.0,-1.5,-4.0,-3.0,-3.0,-3.0,-3.0,-2.0
H,-3.0,-2.0,-0.5,-3.0,-1.5,-2.0,-2.0,-1.0,0.0
I,3.0,-2.5,-3.0,2.0,0.5,-0.5,-0.5,0.0,-3.0
K,-2.0,-1.5,0.0,-2.0,-0.5,1.5,1.5,-3.0,1.0
L,1.0,-2.5,-3.5,4.0,0.0,1.0,1.0,0.0,-3.0
M,1.0,-2.0,-2.5,2.0,0.0,0.5,0.5,0.0,-2.0
N,-3.0,-1.0,0.5,-3.0,-1.5,-1.5,-1.5,-3.0,0.0
P,-2.0,-1.5,-1.0,-3.0,-2.5,-2.0,-2.0,-4.0,-1.0
Q,-2.0,-1.5,1.0,-2.0,-1.0,-0.5,-0.5,-3.0,2.0
R,-3.0,-1.5,-1.0,-2.0,1.0,0.0,0.0,-3.0,0.0
S,-2.0,0.5,0.0,-2.0,-1.5,-1.0,-1.0,-2.0,0.0
T,0.0,-1.0,-1.0,-1.0,-1.0,-1.0,-1.0,-2.0,-1.0
V,4.0,-1.5,-2.5,1.0,0.0,-0.5,-0.5,-1.0,-2.0
W,-3.0,-2.5,-3.5,-2.0,-3.0,-2.5,-2.5,1.0,-3.0
Y,-1.0,-2.5,-2.5,-1.0,-1.5,-1.5,-1.5,3.0,-2.0
